Date;EVOO_ES;REFINED;LAMPANTE_B1;VOO_ES;Cbot
07.01.2002;1,961;2,010;1,859;1,913;436,45
14.01.2002;1,967;1,940;1,82;1,91;448,15
21.01.2002;1,973;1,995;1,873;1,922;435,125
28.01.2002;1,99;2,010;1,863;1,937;428,85
04.02.2002;1,99;1,965;1,85;1,9;431
11.02.2002;2,03;1,950;1,81;1,92;436,05
18.02.2002;2,01;1,955;1,84;1,9;442,125
25.02.2002;1,959;1,965;1,839;1,918;439,7
04.03.2002;1,973;1,950;1,842;1,913;449,85
11.03.2002;1,988;1,950;1,821;1,882;460,1
18.03.2002;1,986;1,930;1,799;1,882;461,25
25.03.2002;1,954;;1,789;1,89;469,8125
01.04.2002;2,055;1,950;1,797;1,851;467,05
08.04.2002;1,939;1,915;1,776;1,825;459,75
15.04.2002;1,914;1,905;1,769;1,826;467,05
22.04.2002;1,931;1,875;1,746;1,823;473,1
29.04.2002;1,923;1,880;1,737;1,784;460,5
06.05.2002;1,849;1,830;1,696;1,772;466,05
13.05.2002;1,887;1,800;1,685;1,737;481,25
20.05.2002;1,819;1,785;1,69;1,737;491,45
27.05.2002;1,777;1,830;1,725;1,765;500,875
03.06.2002;1,847;1,830;1,732;1,772;509,95
10.06.2002;1,859;1,815;1,714;1,763;498,5
17.06.2002;1,818;1,830;1,739;1,773;493,15
24.06.2002;1,851;1,860;1,754;1,788;516,2
01.07.2002;1,826;1,875;1,777;1,799;555
08.07.2002;1,903;1,905;1,786;1,798;580
15.07.2002;1,874;1,920;1,794;1,818;575,15
29.07.2002;1,868;;1,815;1,838;555,3
05.08.2002;1,89;;1,833;1,849;561,95
12.08.2002;1,905;;1,858;1,872;592,25
19.08.2002;1,898;;1,851;1,892;555
26.08.2002;1,945;1,950;1,859;1,877;558,05
02.09.2002;1,899;1,920;1,859;1,876;563,375
09.09.2002;1,895;1,940;1,852;1,857;577,5
16.09.2002;1,928;1,915;1,831;1,861;569,2
23.09.2002;1,868;1,915;1,827;1,886;559,9
30.09.2002;1,8;1,800;1,8;1,835;540,55
07.10.2002;1,868;1,915;1,809;1,846;530,35
14.10.2002;1,917;1,915;1,798;1,836;544,8
21.10.2002;1,915;1,900;1,797;1,822;553,3
28.10.2002;1,864;1,875;1,769;1,816;558,65
04.11.2002;1,856;1,870;1,791;1,823;574,25
11.11.2002;1,925;1,885;1,794;1,836;568,7
18.11.2002;1,913;1,915;1,808;1,854;571,45
25.11.2002;1,964;1,950;1,845;1,871;575,3125
02.12.2002;1,92;1,920;1,82;1,872;566,9
09.12.2002;2,019;1,920;1,803;1,902;568,4
16.12.2002;2,07;1,920;1,779;1,885;562,7
23.12.2002;1,966;;1,791;1,895;569,4166667
30.12.2002;1,942;1,923;1,794;1,902;575,5
06.01.2003;2,003;1,923;1,807;1,912;581,6
13.01.2003;2,047;1,938;1,813;1,956;554
20.01.2003;2,021;1,923;1,832;1,92;561,625
27.01.2003;2,182;1,911;1,784;1,879;566,85
03.02.2003;2,047;1,895;1,795;1,875;563,95
10.02.2003;2,01;1,893;1,823;1,891;568,95
17.02.2003;2,052;1,911;1,846;1,91;572,0625
24.02.2003;2,025;1,893;1,811;1,934;577,25
03.03.2003;2,092;1,932;1,877;1,928;568,95
10.03.2003;2,051;1,983;1,9;1,96;571,8
17.03.2003;2,069;1,992;1,892;1,984;572,8
24.03.2003;2,118;1,980;1,905;1,989;574,5
31.03.2003;2,045;1,983;1,91;1,978;582,2
07.04.2003;2,074;1,983;1,912;1,971;601
14.04.2003;2,091;;1,865;1,994;612,375
21.04.2003;2,114;1,977;1,918;1,984;606,2
28.04.2003;2,105;1,977;1,926;1,995;620,25
05.05.2003;2,133;2,043;1,974;2,044;625,85
12.05.2003;2,144;2,088;2,021;2,07;643,8
19.05.2003;2,198;2,148;2,004;2,075;634,95
26.05.2003;2,124;2,118;2,006;2,093;627
02.06.2003;2,176;2,133;2,026;2,078;617,65
09.06.2003;2,158;2,148;2,034;2,084;625,5
16.06.2003;2,154;2,148;2,055;2,114;625,35
23.06.2003;2,201;2,193;2,11;2,148;633,7
30.06.2003;2,23;2,244;2,15;2,201;625,75
07.07.2003;2,353;2,344;2,221;2,224;617,7
14.07.2003;2,371;2,389;2,297;2,367;582,1
21.07.2003;2,431;2,434;2,344;2,402;554,7
28.07.2003;2,446;2,434;2,253;2,321;539,65
04.08.2003;2,452;2,434;2,367;2,422;542,6
11.08.2003;2,507;2,434;2,39;2,436;565,5
18.08.2003;2,58;2,434;2,441;2,534;578,25
25.08.2003;2,705;2,676;2,498;2,636;586,2
01.09.2003;2,788;2,750;2,544;2,619;594,9375
08.09.2003;2,806;2,737;2,578;2,741;624,55
15.09.2003;2,779;2,659;2,55;2,671;622,4
22.09.2003;2,751;2,644;2,512;2,65;653,45
29.09.2003;2,736;2,614;2,42;2,548;684,55
06.10.2003;2,677;2,570;2,337;2,527;691,25
13.10.2003;2,686;2,539;2,326;2,536;731,05
20.10.2003;2,779;2,569;2,412;2,614;747,1
27.10.2003;2,862;2,599;2,455;2,664;785,65
03.11.2003;2,658;2,584;2,431;2,672;762,6
10.11.2003;2,633;2,584;2,505;2,652;769,5
17.11.2003;2,302;2,524;2,239;2,335;763,7
24.11.2003;2,309;2,524;2,171;2,27;746,3125
01.12.2003;2,223;2,299;2,091;2,154;768,4
08.12.2003;2,217;2,229;1,998;2,127;777,15
15.12.2003;2,011;1,983;1,891;1,924;766
22.12.2003;2,034;;1,87;1,945;761,6875
29.12.2003;2,084;1,998;1,917;1,961;785,875
05.01.2004;2,049;2,043;1,899;1,955;792,8
12.01.2004;2,073;2,043;1,913;1,976;831,1
19.01.2004;2,074;2,088;1,968;2,019;837,5
26.01.2004;2,141;2,164;2,049;2,092;823,25
02.02.2004;2,206;2,239;2,1;2,17;814,7
09.02.2004;2,258;2,284;2,178;2,223;834,25
16.02.2004;2,341;2,344;2,226;2,229;869,625
23.02.2004;2,394;2,419;2,275;2,376;929,1
01.03.2004;2,364;2,383;2,255;2,379;940,3
08.03.2004;2,415;2,416;2,31;2,395;935
15.03.2004;2,461;2,413;2,369;2,421;1000,65
22.03.2004;2,489;2,509;2,401;2,463;1034,55
29.03.2004;2,539;;2,443;2,493;1019,85
05.04.2004;2,608;2,554;2,485;2,568;1009,375
12.04.2004;2,675;2,749;2,568;2,66;975,9
19.04.2004;2,691;2,674;2,597;2,657;954,15
26.04.2004;2,668;2,629;2,531;2,572;1002,5
03.05.2004;2,661;2,614;2,515;2,614;1036,55
10.05.2004;2,671;2,614;2,54;2,632;1013,5
17.05.2004;2,659;2,650;2,531;2,615;885,7
24.05.2004;2,727;2,584;2,49;2,549;851,25
31.05.2004;2,669;2,614;2,514;2,594;839,5
07.06.2004;2,584;2,617;2,488;2,517;849,4
14.06.2004;2,479;2,524;2,395;2,473;872,2
21.06.2004;2,532;2,548;2,429;2,521;907
28.06.2004;2,606;2,563;2,426;2,504;909,1
05.07.2004;2,55;2,554;2,422;2,477;966,875
12.07.2004;2,487;2,536;2,405;2,443;833,8
19.07.2004;2,524;;2,397;2,462;693,4
26.07.2004;2,689;2,539;2,409;2,458;637,1
02.08.2004;2,456;;2,414;2,461;600,75
09.08.2004;2,488;;2,387;2,448;644,3
16.08.2004;2,506;;2,291;2,377;592,1
23.08.2004;2,36;;2,261;2,389;616,7
30.08.2004;2,445;2,485;2,324;2,386;625,75
06.09.2004;2,45;2,359;2,26;2,314;578,4375
13.09.2004;2,295;2,359;2,249;2,268;559,55
20.09.2004;2,314;2,329;2,184;2,248;537,1
27.09.2004;2,241;2,238;2,147;2,189;531,5
04.10.2004;2,255;2,280;2,153;2,223;525,95
11.10.2004;2,322;2,350;2,215;2,27;518,2
18.10.2004;2,352;2,344;2,194;2,26;526,6
25.10.2004;2,367;2,317;2,189;2,233;533,4
01.11.2004;2,315;2,299;2,146;2,199;516,95
08.11.2004;2,307;2,224;2,133;2,167;515,9
15.11.2004;2,268;2,284;2,052;2,214;546,95
22.11.2004;2,314;2,264;2,185;2,225;554,5625
29.11.2004;2,314;2,271;2,135;2,206;529,75
06.12.2004;2,268;2,284;2,142;2,221;528,1
13.12.2004;2,283;2,329;2,151;2,261;547,25
20.12.2004;2,385;2,335;2,239;2,361;548,9375
27.12.2004;2,445;2,470;2,316;2,436;550,75
03.01.2005;2,509;2,539;2,414;2,488;538,9
10.01.2005;2,565;2,644;2,47;2,542;554,2
17.01.2005;2,562;2,584;2,472;2,544;517,8125
24.01.2005;2,601;2,629;2,486;2,587;519,75
31.01.2005;2,67;2,735;2,518;2,645;505,7
07.02.2005;2,728;2,720;2,559;2,67;511,45
14.02.2005;2,666;2,704;2,562;2,638;542,1
21.02.2005;2,703;2,765;2,597;2,675;580,0625
28.02.2005;2,717;2,765;2,541;2,687;616,4
07.03.2005;2,732;2,765;2,611;2,681;628,4
14.03.2005;2,751;2,780;2,649;2,701;665,8
21.03.2005;2,779;;2,689;2,758;626,4375
28.03.2005;2,795;2,810;2,696;2,773;626,45
04.04.2005;2,79;2,795;2,676;2,753;618,25
11.04.2005;2,779;2,765;2,653;2,675;618,15
18.04.2005;2,758;2,765;2,61;2,65;628,4
25.04.2005;2,713;;2,647;2,714;627,3
02.05.2005;2,795;;2,681;2,74;623,3
09.05.2005;2,791;2,765;2,648;2,761;622,35
16.05.2005;2,834;2,750;2,64;2,737;627,75
23.05.2005;2,752;2,720;2,577;2,706;659,15
30.05.2005;2,734;2,704;2,613;2,672;677,3125
06.06.2005;2,768;2,735;2,628;2,695;671,9
13.06.2005;2,775;2,765;2,679;2,735;699,5
20.06.2005;2,787;2,807;2,617;2,743;736,3
27.06.2005;2,797;2,795;2,696;2,756;671,7
04.07.2005;2,812;2,858;2,699;2,787;694
11.07.2005;2,854;2,915;2,755;2,822;708,4
18.07.2005;2,83;3,065;2,96;2,924;684,6
25.07.2005;2,979;2,990;2,945;2,998;675,1
01.08.2005;3,016;;2,918;3,003;672,45
08.08.2005;3,196;;2,965;3,126;646,2
15.08.2005;3,307;;3,117;3,208;610,3
22.08.2005;3,331;;3,225;3,329;599,7
29.08.2005;3,513;3,711;3,31;3,471;592,95
05.09.2005;3,585;3,211;3,511;3,554;592,6875
12.09.2005;3,668;3,726;3,577;3,627;572,1
19.09.2005;3,741;3,741;3,459;3,665;576,05
26.09.2005;3,736;3,816;3,622;3,714;564,3
03.10.2005;3,858;3,996;3,879;3,853;567,1
10.10.2005;4,006;4,357;3,967;4,002;577,15
17.10.2005;4,001;4,192;3,773;3,8;584,45
24.10.2005;4,044;3,972;3,777;3,866;572,1
31.10.2005;3,896;3,966;3,704;3,833;577
07.11.2005;3,745;3,741;3,428;3,652;578,8
14.11.2005;3,837;3,711;3,45;3,71;581,65
21.11.2005;3,828;3,892;3,692;3,809;565,1875
28.11.2005;3,86;3,801;3,329;3,813;558,55
05.12.2005;3,868;3,786;3,419;3,696;566,35
12.12.2005;3,864;3,816;3,551;3,78;590,7
19.12.2005;3,945;3,877;3,672;4,02;609,2
26.12.2005;4,189;4,327;3,875;4,168;605,5625
02.01.2006;4,246;4,342;4,004;4,233;611,75
09.01.2006;4,247;4,357;4,076;4,217;572,75
16.01.2006;4,27;4,297;4,13;4,193;567,5
23.01.2006;4,231;4,162;3,982;4,044;575
30.01.2006;4,206;4,147;3,783;4,069;590,25
06.02.2006;4,158;4,037;3,81;4,085;581,8
13.02.2006;4,177;4,237;3,952;4,101;589,45
20.02.2006;4,186;4,237;3,831;4,145;577,625
27.02.2006;4,178;4,222;3,907;4,019;584,3
06.03.2006;4,033;4,057;3,713;3,852;578,4
13.03.2006;3,912;3,937;3,718;3,797;577,05
20.03.2006;3,844;3,937;3,645;3,708;574,65
27.03.2006;3,661;3,666;3,381;3,545;580,55
03.04.2006;3,751;3,411;3,118;3,292;561,4
10.04.2006;3,396;;3,098;3,294;560,3125
17.04.2006;3,488;3,486;3,147;3,451;572,4
24.04.2006;3,505;3,516;3,251;3,374;578,4
01.05.2006;3,4;3,411;3,182;3,329;592,35
08.05.2006;3,288;3,306;3,071;3,2;594,9
15.05.2006;3,25;3,065;2,893;3,023;599,25
22.05.2006;3,081;3,020;2,746;2,912;583,7
29.05.2006;3,04;3,035;2,731;2,906;589,6875
05.06.2006;3,044;2,975;2,752;2,911;593,45
12.06.2006;3,002;3,080;2,829;2,98;595,6
19.06.2006;3,092;3,080;2,905;3,043;583,9
26.06.2006;3,144;3,155;3,019;3,098;580,5
03.07.2006;3,126;3,125;2,917;3,075;601,625
10.07.2006;3,118;3,125;2,982;3,079;602,5
17.07.2006;3,184;3,200;2,985;3,125;585,2
24.07.2006;3,174;3,185;2,933;3,12;580,15
31.07.2006;3,185;;3,025;3,113;577,65
07.08.2006;3,151;;2,999;3,13;558,15
14.08.2006;3,146;;3,031;3,095;551,4
21.08.2006;3,14;;2,922;3,072;548,85
28.08.2006;3,06;3,125;2,927;3,003;539,5
04.09.2006;3,034;3,020;2,79;2,905;537,6875
11.09.2006;2,916;2,860;2,536;2,796;534,2
18.09.2006;2,764;2,825;2,621;2,685;550,75
25.09.2006;2,687;2,735;2,458;2,626;546,9
02.10.2006;2,633;2,629;2,454;2,518;554,5
09.10.2006;2,665;2,674;2,536;2,577;573,7
16.10.2006;2,645;2,659;2,53;2,604;601,7
23.10.2006;2,661;2,689;2,572;2,628;625,25
30.10.2006;2,72;2,668;2,618;2,683;642,45
06.11.2006;2,687;2,699;2,561;2,578;655,8
13.11.2006;2,624;2,604;2,438;2,526;656,65
20.11.2006;2,565;2,599;2,419;2,523;674,6875
27.11.2006;2,648;2,674;2,387;2,599;683,8
04.12.2006;2,635;2,569;2,306;2,454;659,15
11.12.2006;2,606;2,554;2,303;2,448;662,2
18.12.2006;2,493;2,530;2,226;2,406;651,9
25.12.2006;2,418;;2,217;2,335;675,0625
01.01.2007;2,468;2,524;2,198;2,392;670,875
08.01.2007;2,48;2,536;2,294;2,436;668,45
15.01.2007;2,531;2,554;2,317;2,478;716,125
22.01.2007;2,531;2,554;2,321;2,468;716,65
29.01.2007;2,55;2,554;2,346;2,494;721,65
05.02.2007;2,553;2,554;2,419;2,514;742,55
12.02.2007;2,589;2,584;2,461;2,555;755,3
19.02.2007;2,654;2,644;2,495;2,625;778,5625
26.02.2007;2,715;2,704;2,543;2,611;760,15
05.03.2007;2,705;2,750;2,579;2,687;740,6
12.03.2007;2,705;2,764;2,57;2,666;747,35
19.03.2007;2,719;2,735;2,58;2,649;766,4
26.03.2007;2,712;2,705;2,592;2,676;765,15
02.04.2007;2,739;2,720;2,601;2,691;766,0625
09.04.2007;2,717;2,690;2,589;2,663;742,85
16.04.2007;2,707;2,660;2,536;2,619;723,4
23.04.2007;2,705;2,645;2,448;2,617;718,75
30.04.2007;2,626;2,554;2,494;2,528;734,25
07.05.2007;2,596;2,569;2,45;2,517;734,35
14.05.2007;2,663;2,569;2,457;2,532;783,65
21.05.2007;2,528;2,524;2,345;2,485;802,4
28.05.2007;2,539;2,470;2,357;2,421;807,375
04.06.2007;2,488;2,470;2,295;2,353;823,95
11.06.2007;2,456;2,374;2,23;2,295;831,4
18.06.2007;2,457;2,404;2,285;2,338;827,75
25.06.2007;2,402;2,374;2,257;2,331;814,9
02.07.2007;2,415;2,374;2,261;2,325;858,6875
09.07.2007;2,388;2,359;2,23;2,299;894,6
16.07.2007;2,335;2,374;2,192;2,285;852,6
23.07.2007;2,393;2,389;2,245;2,282;817,7
30.07.2007;2,353;;2,222;2,272;830,5
06.08.2007;2,341;;2,224;2,247;845,5
13.08.2007;2,377;;2,254;2,265;832,15
20.08.2007;2,313;;2,261;2,289;829,95
27.08.2007;2,353;2,359;2,267;2,295;861,75
03.09.2007;2,389;2,389;2,312;2,336;887,625
10.09.2007;2,397;2,404;2,303;2,358;920,5
17.09.2007;2,381;2,389;2,252;2,322;975,3
24.09.2007;2,396;2,374;2,297;2,332;988,55
01.10.2007;2,395;2,374;2,286;2,331;956,2
08.10.2007;2,401;2,404;2,31;2,346;960,45
15.10.2007;2,447;2,434;2,346;2,393;982,7
22.10.2007;2,552;2,524;2,356;2,423;984,95
29.10.2007;2,61;2,554;2,368;2,447;1001,1
05.11.2007;2,599;2,560;2,414;2,529;1026
12.11.2007;2,772;2,614;2,497;2,579;1059,9
19.11.2007;2,667;2,629;2,477;2,574;1085,4375
26.11.2007;2,68;2,569;2,391;2,526;1093,9
03.12.2007;2,661;2,554;2,401;2,543;1097,65
10.12.2007;2,608;2,569;2,401;2,525;1143,15
17.12.2007;2,645;2,584;2,426;2,545;1160,75
24.12.2007;2,65;2,644;2,475;2,605;1205,5
31.12.2007;2,668;2,644;2,519;2,603;1233
07.01.2008;2,656;2,650;2,492;2,611;1254,3
14.01.2008;2,649;2,635;2,519;2,605;1282,1
21.01.2008;2,633;2,584;2,467;2,581;1225,625
28.01.2008;2,619;2,569;2,445;2,522;1271,6
04.02.2008;2,618;2,599;2,49;2,553;1327,6
11.02.2008;2,643;2,629;2,508;2,598;1343,45
18.02.2008;2,631;2,614;2,481;2,574;1405,5
25.02.2008;2,623;2,599;2,454;2,541;1479,65
03.03.2008;2,633;2,614;2,469;2,568;1462,6
10.03.2008;2,618;2,608;2,475;2,564;1377,3
17.03.2008;2,636;;2,486;2,556;1268,4375
24.03.2008;2,61;2,569;2,469;2,552;1302,1
31.03.2008;2,563;2,556;2,406;2,541;1237,05
07.04.2008;2,527;2,494;2,342;2,416;1301,6
14.04.2008;2,464;2,379;2,243;2,366;1361,85
21.04.2008;2,357;2,394;2,24;2,327;1347,35
28.04.2008;2,498;;2,364;2,399;1283,2
05.05.2008;2,434;2,404;2,248;2,371;1296,5
12.05.2008;2,396;2,344;2,217;2,307;1361,2
19.05.2008;2,374;2,404;2,229;2,315;1341,25
26.05.2008;2,372;2,394;2,232;2,305;1351,6875
02.06.2008;2,407;2,394;2,207;2,313;1404,7
09.06.2008;2,372;2,374;2,187;2,303;1502,3
16.06.2008;2,37;2,378;2,243;2,33;1545,2
23.06.2008;2,396;2,374;2,251;2,306;1541,85
30.06.2008;2,387;2,374;2,213;2,311;1634,1875
07.07.2008;2,376;2,380;2,257;2,311;1593,6
14.07.2008;2,372;2,414;2,229;2,31;1540,2
21.07.2008;2,325;2,404;2,26;2,308;1400,85
28.07.2008;2,338;2,374;2,261;2,306;1386,4
04.08.2008;2,346;2,374;2,268;2,307;1242,4
11.08.2008;2,33;2,374;2,196;2,306;1232,4
18.08.2008;2,339;2,374;2,224;2,302;1300,35
25.08.2008;2,317;2,374;2,283;2,309;1337,85
01.09.2008;2,355;2,374;2,28;2,302;1241,625
08.09.2008;2,334;2,374;2,277;2,299;1258,2
15.09.2008;2,293;2,334;2,226;2,274;1140,3
22.09.2008;2,317;2,309;2,186;2,214;1185,2
29.09.2008;2,295;2,316;2,192;2,215;1037,6
06.10.2008;2,255;2,316;2,191;2,22;940,4
13.10.2008;2,254;2,316;2,162;2,201;888,6
20.10.2008;2,276;2,316;2,155;2,199;888,85
27.10.2008;2,276;2,316;2,151;2,199;913,65
03.11.2008;2,212;2,256;2,068;2,119;916,75
10.11.2008;2,216;2,228;2,043;2,1;899,65
17.11.2008;2,159;2,176;1,989;2,103;880,3
24.11.2008;2,16;2,154;1,942;2,016;884
01.12.2008;2,102;2,131;1,894;2,048;819,5
08.12.2008;2,085;2,124;1,933;2,014;834,7
15.12.2008;2,096;2,087;1,893;1,982;861,25
22.12.2008;1,955;1,953;1,802;1,837;913,75
29.12.2008;1,962;1,953;1,734;1,845;956,625
05.01.2009;1,885;1,913;1,736;1,695;1002,9
12.01.2009;1,945;1,945;1,772;1,887;983,2
19.01.2009;2,025;2,023;1,894;2,004;1008,375
26.01.2009;2,047;2,023;1,868;1,961;983,6
02.02.2009;2,025;2,023;1,9;1,982;967,2
09.02.2009;2,004;1,993;1,855;1,932;979,6
16.02.2009;1,997;1,953;1,78;1,854;884,375
23.02.2009;1,935;1,934;1,777;1,797;875,1
02.03.2009;1,955;1,853;1,748;1,822;865,7
09.03.2009;1,873;1,853;1,665;1,793;885,3
16.03.2009;1,847;1,853;1,682;1,751;926,3
23.03.2009;1,852;1,763;1,679;1,793;946,9
30.03.2009;1,824;1,763;1,673;1,786;956,2
06.04.2009;1,872;1,763;1,677;1,736;999,125
13.04.2009;1,788;1,783;1,659;1,761;1040,4
20.04.2009;1,797;1,733;1,565;1,711;1036,1
27.04.2009;1,811;1,703;1,563;1,689;1040,05
04.05.2009;1,736;1,663;1,567;1,664;1123,85
11.05.2009;1,719;1,683;1,583;1,661;1142,8
18.05.2009;1,777;1,753;1,629;1,703;1163,7
25.05.2009;1,823;1,784;1,7;1,765;1183,875
01.06.2009;1,828;1,786;1,701;1,758;1213
08.06.2009;1,847;1,833;1,742;1,792;1246,9
15.06.2009;1,875;1,873;1,775;1,83;1199,45
22.06.2009;1,947;2,013;1,88;1,909;1182,5
29.06.2009;1,946;1,963;1,857;1,914;1235,6875
06.07.2009;1,959;1,933;1,828;1,864;1131,25
13.07.2009;1,962;1,965;1,859;1,892;1034,3
20.07.2009;1,979;1,983;1,904;1,961;1022,1
27.07.2009;2,053;2,093;1,971;2,004;1079,1
03.08.2009;2,193;2,093;2,113;2,106;1173,7
10.08.2009;2,372;2,093;2,308;2,375;1178,05
17.08.2009;2,453;2,093;2,377;2,414;1000,55
24.08.2009;2,417;2,474;2,339;2,369;1102,3
31.08.2009;2,438;2,516;2,381;2,392;1013,25
07.09.2009;2,543;2,573;2,463;2,496;972,125
14.09.2009;2,504;2,509;2,278;2,403;945,9
21.09.2009;2,5;2,424;2,297;2,404;920,3
28.09.2009;2,507;2,454;2,316;2,389;920,375
05.10.2009;2,412;2,439;2,289;2,387;
12.10.2009;2,437;2,419;2,307;2,363;985,228
19.10.2009;2,436;2,374;2,315;2,319;1004,211667
26.10.2009;2,37;2,294;2,104;2,208;978,92
02.11.2009;2,252;2,154;2,007;2,131;975,954
09.11.2009;2,145;2,109;1,943;2,028;978,2966667
16.11.2009;2,161;2,094;1,931;2,041;1034,108333
23.11.2009;2,161;2,144;2,019;2,082;1048,002
30.11.2009;2,14;2,171;2,017;2,049;1048,128333
07.12.2009;2,103;2,103;1,987;2,045;1037,4
14.12.2009;1,973;1,993;1,863;1,903;1040,045
21.12.2009;1,973;1,993;1,863;1,903;1006,178
28.12.2009;1,973;1,993;1,863;1,903;1045,428
04.01.2010;2,184;2,144;2,043;2,109;1044,33
11.01.2010;2,119;2,119;2,003;2,043;987,33
18.01.2010;2,064;2,049;1,893;1,953;956,48
25.01.2010;2,094;2,017;1,923;1,988;930,5866667
01.02.2010;2,033;1,963;1,843;1,933;913,978
08.02.2010;2,053;1,973;1,836;1,963;936,204
15.02.2010;2,134;2,013;1,866;1,983;951,6925
22.02.2010;2,134;1,988;1,858;1,983;960,354
01.03.2010;2,179;1,933;1,803;1,968;955,528
08.03.2010;2,214;1,913;1,783;2,013;942,33
15.03.2010;2,244;1,843;1,663;2,023;951,104
22.03.2010;2,144;1,775;1,683;1,968;958,28
29.03.2010;2,169;1,783;1,673;1,968;956,3175
05.04.2010;2,173;1,793;1,673;1,968;946,23
12.04.2010;2,244;1,779;1,638;1,948;976,1483333
19.04.2010;2,174;1,718;1,653;1,943;1005,211667
26.04.2010;2,164;1,718;1,638;1,923;998,202
03.05.2010;2,153;1,779;1,638;1,938;970,7116667
10.05.2010;2,179;1,779;1,653;1,943;960,5666667
17.05.2010;2,179;1,779;1,653;1,943;942,0866667
24.05.2010;2,083;1,779;1,653;1,953;943,404
31.05.2010;2,093;1,723;1,623;1,878;938,5866667
07.06.2010;2,084;1,713;1,593;1,873;939,3166667
14.06.2010;2,063;1,673;1,593;1,873;951,154
21.06.2010;2,073;1,723;1,638;1,884;948,128
28.06.2010;2,038;1,745;1,632;1,878;940,0866667
05.07.2010;2,018;1,724;1,623;1,843;971,1283333
12.07.2010;2,018;1,724;1,623;1,843;1000,168333
19.07.2010;1,993;1,707;1,637;1,843;989,5433333
26.07.2010;1,98;1,721;1,634;1,826;994,6925
02.08.2010;2,008;1,735;1,66;1,803;1029,918333
09.08.2010;1,998;1,749;1,682;1,857;1031,586667
16.08.2010;2,013;1,763;1,717;1,863;1023,358333
23.08.2010;2,013;1,777;1,718;1,848;1013,63
30.08.2010;2,013;1,777;1,718;1,848;1018,691667
06.09.2010;2,01;1,813;1,727;1,868;1040,085
13.09.2010;2,008;1,813;1,713;1,833;1050,566667
20.09.2010;2,008;1,773;1,688;1,818;1102,711667
27.09.2010;1,998;1,779;1,683;1,818;1090,295
04.10.2010;1,973;1,779;1,683;1,803;1093,295
11.10.2010;1,978;1,779;1,701;1,813;1186,335
18.10.2010;1,983;1,781;1,701;1,823;1210,231667
25.10.2010;1,983;1,810;1,713;1,823;1235,481667
01.11.2010;1,983;1,817;1,743;1,823;1255,004
08.11.2010;1,983;1,840;1,758;1,823;1305,904
15.11.2010;1,923;1,863;1,773;1,803;1231,478
22.11.2010;1,988;1,893;1,803;1,878;1238,255
29.11.2010;2,008;1,898;1,803;1,878;1268,63
06.12.2010;2,118;1,928;1,823;1,878;1281,961667
13.12.2010;2,058;1,890;1,803;1,903;1302,354
20.12.2010;2,023;1,873;1,768;1,883;1345,154
27.12.2010;2,033;1,860;1,758;1,868;1386,204
03.01.2011;1,985;1,820;1,74;1,82;1376,73
10.01.2011;2,028;1,839;1,733;1,855;1400,38
17.01.2011;1,978;1,807;1,713;1,813;1415,025
24.01.2011;2,018;1,757;1,653;1,768;1392,33
31.01.2011;1,943;1,753;1,653;1,763;1432,804
07.02.2011;1,978;1,778;1,683;1,768;1431,104
14.02.2011;2,073;1,814;1,713;1,808;1386,278
21.02.2011;2,053;1,814;1,713;1,823;1336,255
28.02.2011;1,998;1,789;1,683;1,813;1391,204
07.03.2011;1,998;1,769;1,658;1,823;1357,15
14.03.2011;1,993;1,773;1,653;1,793;1331,126667
21.03.2011;2,039;1,780;1,678;1,813;1358,231667
28.03.2011;2,033;1,803;1,693;1,828;1381,836667
04.04.2011;2,018;1,804;1,698;1,828;1383,336667
11.04.2011;2,074;1,784;1,688;1,848;1338,356667
18.04.2011;2,049;1,763;1,664;1,838;1376,711667
25.04.2011;2,049;1,763;1,664;1,838;1384,586667
02.05.2011;2,023;1,763;1,648;1,828;1347,815
09.05.2011;2,035;1,766;1,655;1,845;1336,295
16.05.2011;2,098;1,725;1,638;1,843;1364,67
23.05.2011;2,099;1,723;1,623;1,798;1379,804
30.05.2011;2,053;1,723;1,623;1,763;1396,691667
06.06.2011;2,065;1,733;1,644;1,793;1391,4
13.06.2011;2,038;1,753;1,653;1,823;1356,458333
20.06.2011;2,048;1,743;1,653;1,823;1328,17
27.06.2011;2,038;1,743;1,653;1,803;1320,578
04.07.2011;2,018;1,733;1,643;1,763;1333,878333
11.07.2011;2,033;1,733;1,653;1,778;1370,668333
18.07.2011;2,018;1,733;1,653;1,778;1379,565
25.07.2011;2,018;1,723;1,647;1,778;1362,711667
01.08.2011;1,938;;1,646;1,789;1344,003333
08.08.2011;1,911;;1,624;1,787;1315,648333
15.08.2011;1,959;;1,634;1,743;1352,98
22.08.2011;1,953;1,717;1,623;1,728;1395,898333
29.08.2011;1,958;1,717;1,621;1,728;1447,03
05.09.2011;1,965;1,716;1,621;1,728;1423,983333
12.09.2011;1,903;1,663;1,605;1,718;1375,085
19.09.2011;1,903;1,643;1,593;1,718;1299,816667
26.09.2011;1,918;1,663;1,623;1,702;1218,9
03.10.2011;1,893;1,713;1,623;1,708;1164,67
10.10.2011;1,918;1,733;1,653;1,763;1241,108333
17.10.2011;1,948;1,754;1,653;1,793;1228,503333
24.10.2011;1,913;1,754;1,653;1,768;1232,316667
31.10.2011;1,948;1,776;1,653;1,819;1212,628
07.11.2011;1,938;1,773;1,653;1,758;1187,952
14.11.2011;1,923;1,773;1,653;1,753;1181,604
21.11.2011;1,878;1,725;1,623;1,753;1132,38
28.11.2011;1,853;1,697;1,599;1,729;1129,404
05.12.2011;1,873;1,697;1,599;1,726;1121,711667
12.12.2011;1,911;1,691;1,571;1,721;1115,604
19.12.2011;1,861;1,680;1,55;1,705;1155,588333
26.12.2011;1,861;1,676;1,55;1,705;1199,404
02.01.2012;1,91;1,661;1,541;1,714;1214,704
09.01.2012;1,84;1,675;1,541;1,675;1201,204
16.01.2012;1,821;1,656;1,54;1,686;1186,815
23.01.2012;1,79;1,690;1,555;1,665;1217,38
30.01.2012;1,863;1,691;1,56;1,697;1210,454
06.02.2012;1,811;1,676;1,56;1,656;1230,828
13.02.2012;1,811;1,676;1,561;1,656;1259,23
20.02.2012;1,843;1,694;1,562;1,662;1274,3775
27.02.2012;1,797;1,692;1,571;1,666;1317,63
05.03.2012;1,802;1,667;1,549;1,666;1332,671667
12.03.2012;1,79;1,675;1,545;1,66;1360,565
19.03.2012;1,775;1,679;1,55;1,66;1358,775
26.03.2012;1,8;1,679;1,57;1,665;1382,921667
02.04.2012;1,795;1,682;1,58;1,665;1427,38
09.04.2012;1,79;1,688;1,593;1,665;1432,418333
16.04.2012;1,8;1,680;1,593;1,65;1431,273333
23.04.2012;1,8;1,685;1,597;1,695;1475,545
30.04.2012;1,79;1,700;1,592;1,68;1485,67
07.05.2012;1,765;1,685;1,59;1,675;1432,815
14.05.2012;1,766;1,690;1,6;1,681;1412,775
21.05.2012;1,751;1,690;1,6;1,671;1384,676
28.05.2012;1,761;1,690;1,588;1,694;1359,854
04.06.2012;1,756;1,680;1,59;1,679;1395,273333
11.06.2012;1,751;1,680;1,59;1,664;1402,775
18.06.2012;1,756;1,680;1,59;1,686;1434,878333
25.06.2012;1,75;1,685;1,59;1,666;1471,065
02.07.2012;1,756;1,685;1,617;1,671;1553,05
09.07.2012;1,796;1,721;1,662;1,715;1593,336667
16.07.2012;1,886;1,841;1,782;1,83;1700,438333
23.07.2012;1,92;1,860;1,8;1,87;1659,438333
30.07.2012;2,026;;1,961;1,986;1638,106667
06.08.2012;2,2;;2,049;2,12;1628,898333
13.08.2012;2,204;;2,097;2,135;1653,336667
20.08.2012;2,319;;2,319;2,248;1738,856667
27.08.2012;2,473;2,420;2,355;2,41;1740,252
03.09.2012;2,448;2,393;2,305;2,37;1740,4
10.09.2012;2,557;2,500;2,42;2,472;1729,875
17.09.2012;2,7;2,695;2,577;2,641;1643,003333
24.09.2012;2,615;2,570;2,49;2,542;1593,961667
01.10.2012;2,543;2,510;2,395;2,46;1545,856667
08.10.2012;2,575;2,510;2,395;2,465;1532,648333
15.10.2012;2,545;2,480;2,385;2,44;1519,44
22.10.2012;2,49;2,415;2,335;2,395;1557,315
29.10.2012;2,505;2,430;2,34;2,395;1537,19
05.11.2012;2,48;2,430;2,325;2,395;1486,44
12.11.2012;2,47;2,420;2,321;2,396;1403,71
19.11.2012;2,47;2,405;2,321;2,396;1410,828
26.11.2012;2,41;2,290;2,2;2,275;1442,963333
03.12.2012;2,43;2,250;2,165;2,25;1472,481667
10.12.2012;2,48;2,380;2,275;2,35;1482,606667
17.12.2012;2,598;2,515;2,45;2,47;1447,773333
24.12.2012;2,625;2,515;2,435;2,505;1421,678
31.12.2012;2,675;2,540;2,49;2,573;1384,376
07.01.2013;2,965;2,850;2,752;2,815;1383,481667
14.01.2013;2,997;2,907;2,77;2,865;1430,78625
24.01.2013;2,98;2,880;2,74;2,84;1450,711667
31.01.2013;2,95;2,800;2,7;2,83;1482,054
06.02.2013;2,95;2,800;2,7;2,85;1454,315
13.02.2013;3;2,830;2,715;2,83;1435,8775
20.02.2013;2,98;2,773;2,644;2,792;1454,887692
07.03.2013;3;2,745;2,61;2,745;1469,525
14.03.2013;3,02;2,745;2,61;2,715;1420,523333
21.03.2013;3,02;2,745;2,61;2,715;1442,554
27.03.2013;2,97;2,685;2,58;2,7;1405,46
04.04.2013;2,97;2,685;2,58;2,715;1379,352
11.04.2013;2,97;2,685;2,58;2,715;1408,878
18.04.2013;2,82;2,610;2,475;2,565;1420,128
25.04.2013;2,82;2,535;2,4;2,565;1421,21
30.04.2013;2,82;2,535;2,385;2,535;1379,728
07.05.2013;2,805;2,490;2,355;2,52;1400,278
14.05.2013;2,73;2,385;2,265;2,4;1449,45
23.05.2013;2,73;2,370;2,235;2,4;1494,97
30.05.2013;2,625;2,445;2,355;2,43;1512,67
04.06.2013;2,625;2,445;2,355;2,46;1530,342857
13.06.2013;2,76;2,500;2,37;2,525;1514,128
20.06.2013;2,85;2,510;2,4;2,515;1446,378148
28.07.2013;2,733;2,483;2,363;2,543;
05.07.2013;2,711;2,461;2,341;2,434;1432,13
08.07.2013;2,672;2,488;2,368;2,512;1463,308889
19.07.2013;2,657;2,449;2,329;2,434;1443,63
26.07.2013;2,759;2,442;2,322;2,455;1270,526
02.08.2013;2,668;2,406;2,286;2,445;1208,428
09.08.2013;2,55;2,403;2,283;2,377;1258,328
16.08.2013;2,602;2,409;2,289;2,409;1313,802
23.08.2013;2,573;2,454;2,334;2,406;1373,83
30.08.2013;2,588;2,516;2,396;2,434;1365,6275
06.09.2013;2,616;2,519;2,399;2,464;1367,404
13.09.2013;2,582;2,456;2,336;2,465;1351,978
20.09.2013;2,566;2,393;2,273;2,413;1315,154
27.09.2013;2,505;2,370;2,25;2,324;1286,202
04.10.2013;2,409;2,272;2,152;2,267;1290,928
11.10.2013;2,376;2,179;2,059;2,146;1275,128
18.10.2013;2,337;2,194;2,074;2,155;1302,304
25.10.2013;2,38;2,174;2,054;2,205;
25.10.2013;2,331;2,165;2,045;2,159;1275,954
01.11.2013;2,314;2,171;2,051;2,142;1256,528
08.11.2013;2,386;2,161;2,041;2,124;1307,378
15.11.2013;2,291;2,105;1,985;2,106;1282,804
22.11.2013;2,325;2,133;2,013;2,106;1323,004
29.11.2013;2,22;2,157;2,037;2,087;1326,828
06.12.2013;2,171;2,067;1,947;2,047;1335,478
13.12.2013;2,111;1,994;1,874;1,956;1332,104
20.12.2013;2,051;1,911;1,791;1,829;1329,97
27.12.2013;2,03;1,884;1,764;1,821;1298,028
03.01.2014;2,012;1,861;1,741;1,81;1273,602
10.01.2014;2,012;1,903;1,783;1,85;1302,352
17.01.2014;2,035;1,948;1,828;1,892;1288,19
24.01.2014;2,073;1,962;1,842;1,881;1280,752
31.01.2014;2,053;1,957;1,837;1,881;1287,88
04.02.2014;2,093;1,971;1,851;1,896;1321,315
10.02.2014;2,074;1,962;1,842;1,895;1333,002
17.02.2014;2,023;1,945;1,825;1,892;1361,7225
24.02.2014;2,008;1,872;1,752;1,883;1394,92
04.03.2014;2,04;1,797;1,677;1,794;1435,2525
10.03.2014;1,993;1,791;1,671;1,808;1400,302
17.03.2014;2,044;1,813;1,693;1,811;1418,461667
25.03.2014;2,01;1,799;1,679;1,826;1440,604
01.04.2014;2,093;1,810;1,69;1,829;1470,802
08.04.2014;2,019;1,773;1,653;1,793;1488,465714
17.04.2014;2,015;1,808;1,688;1,807;1491,2825
24.04.2014;2,024;1,776;1,656;1,842;1499,58
01.05.2014;2;1,757;1,637;1,819;1463,7225
07.05.2014;2,038;1,874;1,754;1,851;1472,733333
14.05.2014;1,982;1,765;1,645;1,791;1474,278
21.05.2014;1,972;1,771;1,651;1,758;1507,3175
28.05.2014;1,997;1,789;1,669;1,795;1493,302
04.06.2014;1,994;1,835;1,715;1,857;1463,826
11.06.2014;2,055;1,913;1,793;1,892;1421,804
18.06.2014;2,155;2,044;1,924;2,009;1394,352
25.06.2014;2,186;2,118;1,998;2,104;1395,15
02.07.2014;2,27;2,076;1,956;2,166;1368,25
09.07.2014;2,355;2,185;2,065;2,211;1287,1
16.07.2014;2,393;2,190;2,07;2,25;1179,7
23.07.2014;2,44;2,225;2,105;2,266;1216,75
30.07.2014;2,528;2,449;2,329;2,407;1223,05
06.08.2014;2,607;2,506;2,386;2,531;1275,3
13.08.2014;2,641;2,549;2,429;2,529;1165,45
20.08.2014;2,678;2,579;2,459;2,553;1124,65
27.08.2014;2,677;2,579;2,459;2,563;1086,5625
03.09.2014;2,708;2,624;2,504;2,563;1079,55
10.09.2014;2,747;2,664;2,544;2,655;1038,75
17.09.2014;2,736;2,611;2,491;2,584;957,1
24.09.2014;2,675;2,541;2,421;2,534;921,3
01.10.2014;2,634;2,503;2,383;2,451;923,9375
07.10.2014;2,655;2,515;2,395;2,466;937,1
14.10.2014;2,616;2,505;2,385;2,52;955,95
21.10.2014;2,673;2,501;2,381;2,485;980,75
28.10.2014;2,724;2,563;2,443;2,516;1030,1
04.11.2014;2,807;2,582;2,462;2,554;1025,85
11.11.2014;2,911;2,671;2,551;2,662;1044,5
18.11.2014;2,986;2,691;2,571;2,729;1024,25
25.11.2014;3,06;2,621;2,501;2,735;1035,776
02.12.2014;3,157;2,702;2,582;2,766;1016,85
09.12.2014;3,11;2,625;2,505;2,781;1042,05
16.12.2014;3,123;2,616;2,496;2,674;1030,85
23.12.2014;3,105;2,543;2,423;2,736;1039,125
30.12.2014;3,179;2,589;2,469;2,692;1024,8125
06.01.2015;3,189;2,684;2,564;2,817;1042,75
13.01.2015;3,265;2,816;2,696;2,83;993,8125
20.01.2015;3,262;2,820;2,7;2,904;979,7
27.01.2015;3,304;2,776;2,656;2,887;966,55
03.02.2015;3,271;2,855;2,735;2,95;978,45
10.02.2015;3,246;2,834;2,714;2,932;980,25
17.02.2015;3,257;2,854;2,734;2,918;1001,85
24.02.2015;3,231;2,794;2,674;2,939;1017,95
03.03.2015;3,222;2,736;2,616;2,927;988,9
10.03.2015;3,327;2,791;2,671;2,934;978,6
17.03.2015;3,25;2,795;2,675;2,999;967,7
24.03.2015;3,244;2,788;2,668;2,997;973,875
01.04.2015;3,244;2,828;2,708;2,919;985,0625
07.04.2015;3,298;2,807;2,687;2,971;959,25
14.04.2015;3,306;2,864;2,744;2,945;967,5
21.04.2015;3,403;2,967;2,847;2,973;973,35
28.04.2015;3,488;3,037;2,917;3,079;979,2
05.05.2015;3,529;3,110;2,99;3,116;986,6
12.05.2015;3,607;3,063;2,943;3,106;962,55
19.05.2015;3,513;3,081;2,961;3,176;937,5625
26.05.2015;3,486;3,093;2,973;3,142;927,1
02.06.2015;3,484;3,099;2,979;3,143;940,9
09.06.2015;3,591;3,122;3,002;3,215;943,75
16.06.2015;3,568;3,077;2,957;3,22;973,05
23.06.2015;3,548;3,180;3,06;3,265;994,8
30.06.2015;3,621;3,211;3,091;3,235;1043,25
07.07.2015;3,706;3,334;3,214;3,341;1026,95
14.07.2015;3,772;3,478;3,358;3,52;1021,1
21.07.2015;3,903;3,583;3,463;3,643;1000,4
28.07.2015;4,053;3,810;3,69;3,896;981,25
04.08.2015;4,119;3,869;3,749;3,947;1001,4
11.08.2015;4,23;4,011;3,891;4,02;972,7
18.08.2015;4,238;4,028;3,908;4,097;907,25
25.08.2015;4,178;3,994;3,874;4;889,8
01.09.2015;4,234;3,902;3,782;3,958;881,375
08.09.2015;4,135;3,819;3,699;3,868;885,7
15.09.2015;4,033;3,614;3,494;3,736;880,45
22.09.2015;3,925;3,475;3,355;3,594;871,9
29.09.2015;3,713;3,261;3,141;3,417;882,4
06.10.2015;3,737;3,330;3,21;3,342;886,7
13.10.2015;3,829;3,390;3,27;3,325;903,8
20.10.2015;3,774;3,374;3,254;3,355;896,1
27.10.2015;3,716;3,301;3,181;3,42;882,6
03.11.2015;3,548;3,264;3,144;3,234;874,6
10.11.2015;3,37;3,072;2,952;3,019;864,15
17.11.2015;3,212;2,900;2,78;2,932;860,7
24.11.2015;3,012;2,846;2,726;2,818;873,25
01.12.2015;3,027;2,808;2,688;2,832;893,45
08.12.2015;3,041;2,855;2,735;2,827;875,35
15.12.2015;3,11;2,923;2,803;2,988;878,05
22.12.2015;3,267;2,973;2,853;3,107;876,8125
29.12.2015;3,305;3,101;2,981;3,198;870,3125
05.01.2016;3,239;3,114;2,994;3,164;876,2
12.01.2016;3,263;3,097;2,977;3,138;888,626
18.01.2016;3,303;3,140;3,02;3,193;878,25
27.01.2016;3,335;3,226;3,106;3,229;880
03.02.2016;3,386;3,260;3,14;3,257;870,3125
09.02.2016;3,411;3,208;3,088;3,211;867,9375
16.02.2016;3,252;3,017;2,897;3,032;880,25
23.02.2016;3,221;3,024;2,904;3,059;860,75
01.03.2016;3,252;3,005;2,885;3,062;861,05
08.03.2016;3,191;2,993;2,873;3,009;883,05
15.03.2016;3,209;2,932;2,812;3,017;896,75
22.03.2016;3,293;2,946;2,826;3,025;908,75
29.03.2016;3,194;2,978;2,858;3,025;913,5
05.04.2016;3,168;2,991;2,871;2,994;912,45
12.04.2016;3,152;2,974;2,854;3,012;950,05
19.04.2016;3,137;2,970;2,85;3,008;1003,083333
27.04.2016;3,109;2,983;2,863;2,98;1023,375
03.05.2016;3,043;2,901;2,781;2,853;1018,9
10.05.2016;3,064;2,829;2,709;2,775;1065,95
17.05.2016;2,956;2,857;2,737;2,793;1071,95
24.05.2016;2,932;2,859;2,739;2,787;1076,625
31.05.2016;2,965;2,860;2,74;2,84;1118,55
07.06.2016;3,006;2,920;2,8;2,897;1168,45
14.06.2016;3,028;2,988;2,868;2,924;1152,6
21.06.2016;3,052;3,084;2,964;2,999;1126,25
28.06.2016;3,112;3,057;2,937;3,007;1159,6875
05.07.2016;3,164;3,092;2,972;3,027;1090
12.07.2016;3,135;3,125;3,005;3,063;1099,5
19.07.2016;3,134;3,123;3,003;3,063;1018,75
26.07.2016;3,149;3,130;3,01;3,048;1007,2
02.08.2016;3,166;3,147;3,027;3,048;997,75
09.08.2016;3,133;3,134;3,014;3,069;1017,65
16.08.2016;3,147;3,160;3,04;3,078;1028,9
23.08.2016;3,161;3,168;3,048;3,115;1007,45
30.08.2016;3,187;3,189;3,069;3,148;
06.08.2016;3,199;3,208;3,088;3,145;1016,65
13.08.2016;3,192;3,165;3,045;3,123;993,1
20.09.2016;3,181;3,172;3,052;3,125;968,4
27.09.2016;3,2;3,172;3,052;3,125;955,05
04.10.2016;3,197;3,189;3,069;3,118;958
11.10.2016;3,191;3,185;3,065;3,1;959,35
18.10.2016;3,155;3,139;3,019;3,047;980,9
25.10.2016;3,138;3,072;2,952;3,044;1003,7
01.11.2016;3,201;3,125;3,005;3,094;982,3
08.11.2016;3,278;3,175;3,055;3,079;984,45
15.11.2016;3,427;3,247;3,127;3,207;995,75
22.11.2016;3,532;3,247;3,127;3,293;1041,5625
29.11.2016;3,484;3,314;3,194;3,291;1035,1
06.12.2016;3,507;3,318;3,198;3,31;1038,45
13.12.2016;3,487;3,288;3,168;3,292;1027,8
20.12.2016;3,466;3,269;3,149;3,314;998,875
27.12.2016;3,504;3,319;3,199;3,283;1005,3125
03.01.2017;3,509;3,329;3,209;3,347;995,8
10.01.2017;3,509;3,329;3,209;3,347;1020,75
17.01.2017;3,625;3,479;3,359;3,499;1067,95
24.01.2017;3,692;3,575;3,455;3,567;1047,05
31.01.2017;3,723;3,602;3,482;3,628;1032,3
07.02.2017;3,749;3,651;3,531;3,639;1053,05
14.02.2017;3,832;3,775;3,655;3,775;1045,625
21.02.2017;3,848;3,815;3,695;3,771;1017
28.02.2017;3,831;3,821;3,701;3,752;1029,35
07.03.2017;3,833;3,744;3,624;3,706;1003,7
14.03.2017;3,874;3,813;3,693;3,763;997,25
21.03.2017;3,883;3,773;3,653;3,719;987,9
28.03.2017;3,837;3,796;3,676;3,742;957,65
04.04.2017;3,845;3,811;3,691;3,746;941,45
11.04.2017;3,9;3,855;3,735;3,799;948,9375
18.04.2017;3,943;3,908;3,788;3,82;951,05
25.04.2017;3,998;3,974;3,854;3,898;950,05
02.05.2017;4,046;4,010;3,89;3,95;961,6
09.05.2017;4,063;3,985;3,865;3,991;960,45
16.05.2017;4,005;3,970;3,85;3,922;961,25
23.05.2017;4,069;3,890;3,77;3,872;940,625
30.05.2017;3,971;3,938;3,818;3,875;916,85
06.06.2017;3,978;3,954;3,834;3,865;933
13.06.2017;3,974;3,944;3,824;3,838;935,15
20.06.2017;3,911;3,896;3,776;3,816;912,35
27.06.2017;3,936;3,870;3,75;3,767;929,55
04.07.2017;3,883;3,875;3,755;3,751;993,3125
11.07.2017;3,807;3,691;3,571;3,644;996,95
18.07.2017;3,756;3,685;3,565;3,609;1001,8
25.07.2017;3,783;3,769;3,649;3,686;992,05
01.08.2017;3,795;3,818;3,698;3,724;957,1
08.08.2017;3,829;3,806;3,686;3,77;943,55
15.08.2017;3,826;3,822;3,702;3,739;928,75
22.08.2017;3,816;3,816;3,696;3,746;936,85
29.08.2017;3,823;3,768;3,648;3,741;933
05.09.2017;3,804;3,718;3,598;3,713;959,9
12.09.2017;3,763;3,741;3,621;3,635;960,2
19.09.2017;3,693;3,717;3,597;3,635;972,35
26.09.2017;3,699;3,711;3,591;3,621;962,8
03.10.2017;3,746;3,764;3,644;3,671;964,15
10.10.2017;3,792;3,768;3,648;3,707;982,9
17.10.2017;3,771;3,717;3,597;3,685;983
24.10.2017;3,743;3,715;3,595;3,65;974,05
31.10.2017;3,712;3,723;3,603;3,648;980,95
07.11.2017;3,618;3,541;3,421;3,53;978
14.11.2017;3,556;3,460;3,34;3,44;977,55
21.11.2017;3,598;3,412;3,292;3,465;993,875
28.11.2017;3,568;3,446;3,326;3,475;992,8
05.12.2017;3,6;3,585;3,465;3,489;995,1
12.12.2017;3,607;3,535;3,415;3,476;970,3
19.12.2017;3,597;3,439;3,319;3,501;952,0625
26.12.2017;3,643;3,560;3,44;3,512;953,0625
02.01.2018;3,632;3,512;3,392;3,526;958,75
09.01.2018;3,658;3,615;3,495;3,541;946,8125
16.01.2018;3,694;3,526;3,406;3,543;974,25
23.01.2018;3,641;3,488;3,368;3,523;989,55
30.01.2018;3,65;3,383;3,263;3,469;985,9
06.02.2018;3,6;3,422;3,302;3,413;988,35
13.02.2018;3,651;3,400;3,28;3,38;1019,541667
20.02.2018;3,476;3,311;3,191;3,3;1032,65
27.02.2018;3,393;3,024;2,904;3,15;1053,6
06.03.2018;3,274;2,925;2,805;3,018;1047,15
13.03.2018;3,079;2,796;2,676;2,92;1036,35
20.03.2018;2,998;2,759;2,639;2,78;1028,3
27.03.2018;3,069;2,830;2,71;2,817;1029,4375
03.04.2018;3,048;2,826;2,706;2,84;1033,05
10.04.2018;3,095;2,767;2,647;2,823;1050,95
17.04.2018;3,004;2,716;2,596;2,774;1034,9
24.04.2018;2,947;2,631;2,511;2,538;1032,1
01.05.2018;2,828;2,474;2,354;2,526;1029,6
08.05.2018;2,718;2,437;2,317;2,368;1007,9
15.05.2018;2,69;2,309;2,189;2,248;1007,45
22.05.2018;2,539;2,248;2,128;2,266;1038,55
29.05.2018;2,59;2,291;2,171;2,335;1019
05.06.2018;2,715;2,397;2,277;2,467;978,55
12.06.2018;2,837;2,484;2,364;2,441;926,25
19.06.2018;2,805;2,416;2,296;2,459;885,6
26.06.2018;2,752;2,510;2,39;2,494;860,6
03.07.2018;2,821;2,537;2,417;2,526;851,3125
10.07.2018;2,861;2,570;2,45;2,541;831,1
17.07.2018;2,854;2,505;2,385;2,516;845,05
24.07.2018;2,848;2,429;2,309;2,449;865,1
31.07.2018;2,743;2,462;2,342;2,45;887,3
07.08.2018;2,746;2,499;2,379;2,435;874,05
14.08.2018;2,709;2,510;2,39;2,463;874,15
21.08.2018;2,718;2,526;2,406;2,465;850,3
28.08.2018;2,761;2,591;2,471;2,535;828,45
04.09.2018;2,792;2,600;2,48;2,541;829,95
11.09.2018;2,737;2,567;2,447;2,513;825,2
18.09.2018;2,726;2,559;2,439;2,499;836,5
25.09.2018;2,722;2,518;2,398;2,482;850,8
02.10.2018;2,674;2,517;2,397;2,44;865,1
09.10.2018;2,653;2,502;2,382;2,407;866,5
16.10.2018;2,63;2,425;2,305;2,408;869,85
23.10.2018;2,642;2,422;2,302;2,368;846,7
30.10.2018;2,779;2,443;2,323;2,414;857,95
06.11.2018;2,835;2,466;2,346;2,47;870,85
13.11.2018;3,023;2,538;2,418;2,476;878,5
20.11.2018;3,006;2,542;2,422;2,524;878,35
27.11.2018;3,032;2,497;2,377;2,51;890,75
04.12.2018;2,916;2,400;2,28;2,443;912,25
11.12.2018;2,79;2,332;2,212;2,492;909,45
18.12.2018;2,766;2,364;2,244;2,475;894
25.12.2018;2,794;2,382;2,262;2,432;876,0625
01.01.2019;2,677;2,314;2,194;2,404;904,1875
08.01.2019;2,69;2,247;2,127;2,394;900,65
15.01.2019;2,705;2,247;2,127;2,353;906,875
22.01.2019;2,678;2,321;2,201;2,368;917,75
29.01.2019;2,675;2,285;2,165;2,36;918,3
05.02.2019;2,611;2,280;2,16;2,336;914,95
12.02.2019;2,616;2,232;2,112;2,343;910,0416667
19.02.2019;2,595;2,215;2,095;2,267;907,25
26.02.2019;2,539;2,141;2,021;2,248;901,45
05.03.2019;2,533;2,065;1,955;2,079;888,65
12.03.2019;2,518;2,037;1,927;2,234;895,65
19.03.2019;2,378;2,079;1,969;2,209;906,15
26.03.2019;2,413;2,117;2,007;2,15;891,5
02.04.2019;2,437;2,053;1,943;2,204;900,6
09.04.2019;2,347;2,017;1,907;2,09;898
16.04.2019;2,407;2,016;1,906;2,042;881,05
23.04.2019;2,33;2,027;1,917;2,05;855,55
30.04.2019;2,41;1,987;1,877;2,002;831,65
07.05.2019;2,353;1,991;1,881;1,974;804,05
14.05.2019;2,196;1,940;1,83;1,927;829,3
21.05.2019;2,119;1,874;1,764;1,885;825,4375
28.05.2019;2,107;1,895;1,785;1,891;874,75
04.06.2019;2,151;2,028;1,918;2;867
11.06.2019;2,201;2,053;1,943;1,959;886,95
18.06.2019;2,222;2,096;1,986;2,036;908,8
25.06.2019;2,307;2,085;1,975;2,101;894,15
02.07.2019;2,231;2,163;2,053;2,113;877,25
09.07.2019;2,355;2,191;2,081;2,18;896,1
16.07.2019;2,355;2,131;2,021;2,146;888,25
23.07.2019;2,32;2,175;2,065;2,121;885,65
30.07.2019;2,305;2,137;2,027;2,089;858,05
06.08.2019;2,242;2,131;2,021;2,072;859,35
13.08.2019;2,209;2,118;2,008;2,049;862,45
20.08.2019;2,213;2,129;2,019;2,062;853,85
27.08.2019;2,23;2,143;2,033;2,077;853,0625
03.09.2019;2,268;2,143;2,033;2,104;851,75
10.09.2019;2,238;2,098;1,988;2,072;876,2
17.09.2019;2,18;2,061;1,951;2,009;890,15
24.09.2019;2,222;2,063;1,953;1,999;892,2
01.10.2019;2,111;2,050;1,94;1,98;915,3
08.10.2019;2,149;2,050;1,94;1,963;928,85
15.10.2019;2,125;2,036;1,926;1,954;932,15
22.10.2019;2,189;2,002;1,892;1,927;928,4
29.10.2019;2,192;1,979;1,869;1,919;920,2
05.11.2019;2,168;1,969;1,859;1,918;917,25
12.11.2019;2,145;1,972;1,862;1,909;907,4
19.11.2019;2,175;1,953;1,843;1,918;901,4
26.11.2019;2,211;1,935;1,825;1,906;878,375
03.12.2019;2,294;1,910;1,8;1,868;884
10.12.2019;2,16;1,847;1,737;1,808;904,5
17.12.2019;2,222;1,801;1,691;1,808;928,8
24.12.2019;2,11;1,801;1,691;1,765;936,05
31.12.2019;2,135;1,790;1,68;1,786;938,8
07.01.2020;2,059;1,766;1,656;1,752;935,5
12.01.2020;2,114;1,770;1,66;1,77;928,05
21.01.2020;2,071;1,818;1,708;1,791;907,7
28.01.2020;2,125;1,839;1,729;1,825;882,75
04.02.2020;2,132;1,847;1,737;1,877;881,35
11.02.2020;2,15;1,852;1,742;1,879;891,95
18.02.2020;2,135;1,844;1,734;1,87;889,4
25.02.2020;2,141;1,859;1,749;1,888;882,4375
02.03.2020;2,168;1,841;1,731;1,874;886,3333333
10.03.2020;2,148;1,858;1,748;1,861;852,85
17.03.2020;2,151;1,823;1,713;1,837;847,9
24.03.2020;2,161;1,846;1,736;1,831;882,45
31.03.2020;2,138;1,830;1,72;1,818;863,45
07.04.2020;2,159;1,811;1,701;1,849;858,05
14.04.2020;2,104;1,802;1,692;1,838;836,95
21.04.2020;2,161;1,780;1,67;1,789;833,2
28.04.2020;2,127;1,738;1,628;1,771;837,85
05.05.2020;2,059;1,739;1,629;1,752;842,25
12.05.2020;2,052;1,761;1,651;1,748;840,8
19.05.2020;2,098;1,711;1,601;1,704;837,27
26.05.2020;1,962;1,724;1,614;1,707;844,75
02.06.2020;1,957;1,744;1,634;1,716;861,65
09.06.2020;2,022;1,788;1,678;1,744;867
16.06.2020;2,007;1,790;1,68;1,742;872,8
23.06.2020;2,012;1,789;1,679;1,784;869,3
30.06.2020;2,05;1,772;1,662;1,77;892,25
07.07.2020;2,051;1,797;1,687;1,811;891,25
14.07.2020;2,075;1,768;1,658;1,79;892,6
21.07.2020;2,029;1,787;1,677;1,754;902,65
28.07.2020;2,012;1,768;1,658;1,729;895
04.08.2020;2,046;1,786;1,676;1,75;878,65
11.08.2020;2,109;1,799;1,689;1,751;898,35
18.08.2020;2,034;1,818;1,708;1,788;905,6
25.08.2020;2,049;1,848;1,738;1,785;934,45
01.09.2020;2,079;1,884;1,774;1,847;963,9375
08.09.2020;2,097;1,871;1,761;1,848;992,5
15.09.2020;2,164;1,888;1,778;1,851;1019,45
22.09.2020;2,148;1,949;1,839;1,873;1006,6
29.09.2020;2,203;2,018;1,908;1,916;1016,45
06.10.2020;2,253;2,064;1,954;1,995;1048,85
13.10.2020;2,367;2,101;1,991;2,036;1053,35
20.10.2020;2,449;2,097;1,987;2,142;1076,25
27.10.2020;2,571;2,085;1,975;2,067;1059,7
03.11.2020;2,484;2,014;1,904;2,022;1088,65
10.11.2020;2,587;2,004;1,894;1,966;1142,7
17.11.2020;2,599;2,045;1,935;2,003;1179,1
24.11.2020;2,645;2,090;1,98;2,021;1183,875
01.12.2020;2,614;2,024;1,914;2,06;1160,95
08.12.2020;2,567;2,001;1,891;2,053;1157,4
15.12.2020;2,572;2,033;1,923;2,023;1206,5
22.12.2020;2,565;1,985;1,875;2,15;1257,83
29.12.2020;2,573;2,020;1,91;2,092;1308,25
05.01.2021;2,505;2,039;1,929;2,152;1365,2
12.01.2021;2,524;2,072;1,962;2,203;1421,874
19.01.2021;2,588;2,083;1,973;2,245;1356,15
26.01.2021;2,668;2,164;2,054;2,323;1366,7
02.02.2021;2,685;2,285;2,175;2,404;1366,3125
07.02.2021;2,685;2,285;2,175;2,404;1376,6
14.02.2021;2,76;2,360;2,25;2,432;1377,55
21.02.2021;2,748;2,377;2,267;2,462;1404,95
28.02.2021;2,73;2,402;2,292;2,456;1413,35
07.03.2021;2,732;2,431;2,311;2,464;1424,35
14.03.2021;2,799;2,508;2,388;2,49;1413,8
21.03.2021;2,884;2,547;2,427;2,559;1417,65
28.03.2021;2,892;2,615;2,495;2,649;1399,625
04.04.2021;2,973;2,698;2,578;2,722;1411,7
11.04.2021;3,047;2,816;2,696;2,811;1406,6
18.04.2021;3,163;3,003;2,883;2,966;1498,4
25.04.2021;3,33;3,156;3,036;3,109;1558
02.05.2021;3,378;3,171;3,051;3,123;1589,15
09.05.2021;3,392;3,185;3,065;3,159;1626,8
16.05.2021;3,404;3,223;3,103;3,17;1551,9
23.05.2021;3,38;3,165;3,045;3,147;1521,1
30.05.2021;3,351;3,159;3,039;3,154;1557,524
06.06.2021;3,348;3,114;2,994;3,145;1551,05
13.06.2021;3,375;3,075;2,955;3,058;1422,45
20.06.2021;3,335;3,059;2,939;3,082;1379,1
27.06.2021;3,328;3,028;2,908;2,956;1413,05
04.07.2021;3,296;3,066;2,946;3,034;1386,125
11.07.2021;3,325;3,053;2,933;3,079;1448,1
18.07.2021;3,268;3,047;2,927;3,067;1425,6
25.07.2021;3,271;3,007;2,887;3,061;1422,4
01.08.2021;3,253;2,963;2,843;3,047;1407,85
08.08.2021;3,22;2,945;2,825;3,014;1422,5
15.08.2021;3,233;2,936;2,816;2,963;1344
22.08.2021;3,23;3,014;2,894;2,974;1340,75
29.08.2021;3,262;3,083;2,963;3,061;1288,7
05.09.2021;3,285;3,099;2,979;3,113;1273,076
12.09.2021;3,293;3,070;2,95;3,064;1284,7
19.09.2021;3,317;3,053;2,933;3,075;1277,7
26.09.2021;3,236;3,008;2,888;3,033;1270,15
03.10.2021;3,211;3,001;2,881;3,049;1243,7
10.10.2021;3,248;2,955;2,835;2,999;1209,15
17.10.2021;3,257;2,964;2,844;2,961;1227,9
24.10.2021;3,254;2,978;2,858;2,937;1236,8
31.10.2021;3,253;2,961;2,841;2,913;1222,75
07.11.2021;3,187;2,918;2,798;2,955;1205,45
14.11.2021;3,267;2,801;2,681;2,872;1262,85
21.11.2021;3,22;2,823;2,703;2,82;1266,625
28.11.2021;3,259;2,777;2,657;2,839;1239,7
05.12.2021;3,268;2,869;2,749;2,924;1261
12.12.2021;3,286;2,872;2,752;2,978;1265,7
19.12.2021;3,359;2,964;2,844;3,038;1320,7
26.12.2021;3,408;3,087;2,967;3,068;1346,95
02.01.2022;3,388;3,063;2,943;3,164;1377,15
09.01.2022;3,37;3,021;2,901;3,211;1372,95
16.01.2022;3,384;3,033;2,913;3,14;1398,125
23.01.2022;3,353;3,070;2,95;3,074;1433,7
30.01.2022;3,334;2,996;2,876;3,072;1532,4
06.02.2022;3,331;3,059;2,939;3,072;1580,55
13.02.2022;3,247;3,046;2,926;3,07;1580,45
20.02.2022;3,234;3,076;2,956;3,063;1626,208333
27.02.2022;3,268;3,105;2,985;3,079;1676,75
06.03.2022;3,355;3,228;3,108;3,189;1691,2
13.03.2022;3,632;3,520;3,4;3,514;1666,35
20.03.2022;3,678;3,578;3,458;3,556;1703,45
27.03.2022;3,632;3,491;3,371;3,425;1634,45
03.04.2022;3,518;3,360;3,24;3,372;1637,3
10.04.2022;3,426;3,247;3,127;3,372;1672,95
17.04.2022;3,437;3,303;3,183;3,198;1728,45
24.04.2022;3,446;3,292;3,172;3,282;1682,102
01.05.2022;3,417;3,304;3,184;3,266;1638,174
08.05.2022;3,429;3,324;3,204;3,279;1608,9
15.05.2022;3,403;3,344;3,224;3,299;1678,6
22.05.2022;3,39;3,327;3,207;3,26;1703,95
29.05.2022;3,399;3,316;3,196;3,258;1710,0625
03.06.2022;3,351;3,282;3,162;3,213;1726,85
10.06.2022;3,401;3,283;3,163;3,197;1709,458333
19.06.2022;3,359;3,326;3,206;3,268;1655,168333
26.06.2022;3,403;3,381;3,261;3,324;1545,55
03.07.2022;3,439;3,396;3,276;3,355;1471,0625
10.07.2022;3,523;3,510;3,39;3,433;1371,65
17.07.2022;3,605;3,573;3,453;3,49;1337,6
24.07.2022;3,661;3,610;3,49;3,563;1409,75
31.07.2022;3,692;3,675;3,555;3,647;1397,75
07.08.2022;3,734;3,720;3,6;3,691;1431,85
14.08.2022;3,823;3,736;3,616;3,717;1398,576
21.08.2022;3,826;3,866;3,746;3,792;1448,974
28.08.2022;3,918;3,907;3,787;3,841;1421,15
04.09.2022;3,94;3,970;3,85;3,882;1399,55
11.09.2022;3,98;3,926;3,806;3,834;1464,4
18.09.2022;3,984;3,940;3,82;3,86;1456
25.09.2022;3,952;3,910;3,79;3,846;1404,666667
02.10.2022;3,957;3,970;3,85;3,886;1370,274
09.10.2022;4,143;4,167;4,047;4,138;1385,05
16.10.2022;4,538;4,380;4,26;4,489;1382,95
23.10.2022;4,604;4,559;4,439;4,394;1381,15
30.10.2022;4,591;4,549;4,429;4,474;1444,1
06.11.2022;4,712;4,574;4,454;4,493;1444,55
13.11.2022;4,799;4,573;4,453;4,524;1434,45
20.11.2022;4,986;4,458;4,338;4,563;1434,5625
27.11.2022;5,072;4,682;4,562;4,446;1450,9
04.12.2022;5,242;4,967;4,847;5,05;1466,95
11.12.2022;5,393;5,165;5,045;4,937;1475,2
18.12.2022;5,411;5,091;4,971;5,032;1473,4
25.12.2022;5,548;4,965;4,845;5,019;1510,875
01.01.2023;5,548;4,885;4,765;4,961;1483,4375
08.01.2023;5,423;4,898;4,778;4,918;1519,25
15.01.2023;5,407;4,863;4,743;4,918;1521,375
22.01.2023;5,442;4,825;4,705;5,016;1502,85
29.01.2023;5,295;4,739;4,619;5,014;1531,95
05.02.2023;5,339;4,594;4,474;4,921;1523,6
12.02.2023;5,251;4,505;4,385;4,612;1531,95
19.02.2023;5,357;4,716;4,596;4,853;1535,3
26.02.2023;5,341;4,885;4,765;4,934;1502,8
05.03.2023;5,287;4,841;4,721;4,82;1517,35
12.03.2023;5,433;4,794;4,674;4,834;1491,4
19.03.2023;5,277;4,801;4,681;4,962;1449,85
26.03.2023;5,255;4,869;4,749;4,925;1473,45
02.04.2023;5,246;4,878;4,758;4,872;1507,1
09.04.2023;5,443;4,936;4,816;4,959;1498,05
16.04.2023;5,326;4,993;4,873;5,006;1504,75
23.04.2023;5,46;5,113;4,993;5,169;1418,25
30.04.2023;5,639;5,296;5,176;5,271;1421,85
07.05.2023;5,754;5,432;5,312;5,447;1432,55
14.05.2023;6,029;5,671;5,551;5,761;1348,45
21.05.2023;6,121;5,817;5,697;5,906;1329,9
28.05.2023;6,175;5,756;5,636;5,733;1322,826
04.06.2023;6,19;5,773;5,653;5,753;1362,75
11.06.2023;6,255;5,843;5,723;5,952;1365,45
18.06.2023;6,39;6,020;5,9;6,049;1375,276
25.06.2023;6,591;6,122;6,002;6,297;1311,75
02.07.2023;6,879;6,291;6,171;6,498;1363,1875
09.07.2023;7,251;6,532;6,412;6,829;1381,1
16.07.2023;7,604;6,595;6,475;6,948;1397,7
23.07.2023;7,736;6,626;6,506;6,997;1409
30.07.2023;7,585;6,828;6,708;6,997;1330,55
